ID,parent_ID,name
580799c7-a184-4511-9f39-4d5e8c6c7d11,,Fiction
580799c7-a184-4511-9f39-4d5e8c6c7d12,580799c7-a184-4511-9f39-4d5e8c6c7d11,Drama
580799c7-a184-4511-9f39-4d5e8c6c7d13,580799c7-a184-4511-9f39-4d5e8c6c7d11,Poetry
580799c7-a184-4511-9f39-4d5e8c6c7d14,580799c7-a184-4511-9f39-4d5e8c6c7d11,Fantasy
580799c7-a184-4511-9f39-4d5e8c6c7d15,580799c7-a184-4511-9f39-4d5e8c6c7d11,Science Fiction
580799c7-a184-4511-9f39-4d5e8c6c7d16,580799c7-a184-4511-9f39-4d5e8c6c7d11,Romance
580799c7-a184-4511-9f39-4d5e8c6c7d17,580799c7-a184-4511-9f39-4d5e8c6c7d11,Mystery
580799c7-a184-4511-9f39-4d5e8c6c7d18,580799c7-a184-4511-9f39-4d5e8c6c7d11,Thriller
580799c7-a184-4511-9f39-4d5e8c6c7d19,580799c7-a184-4511-9f39-4d5e8c6c7d11,Dystopia
580799c7-a184-4511-9f39-4d5e8c6c7d20,580799c7-a184-4511-9f39-4d5e8c6c7d11,Fairy Tale
580799c7-a184-4511-9f39-4d5e8c6c7d21,,Non-Fiction
580799c7-a184-4511-9f39-4d5e8c6c7d22,580799c7-a184-4511-9f39-4d5e8c6c7d21,Biography
580799c7-a184-4511-9f39-4d5e8c6c7d23,580799c7-a184-4511-9f39-4d5e8c6c7d22,Autobiography
580799c7-a184-4511-9f39-4d5e8c6c7d24,580799c7-a184-4511-9f39-4d5e8c6c7d21,Essay
580799c7-a184-4511-9f39-4d5e8c6c7d25,580799c7-a184-4511-9f39-4d5e8c6c7d21,Speech
